"Position","Shannon_Entropy"
1,0
2,0.0320628017003123
3,0.0716917030149268
4,0.0586086960102479
5,0.0106235576057179
6,0.00531198074947624
7,0.0364912036903331
8,0.00531198074947624
9,0
10,0.0106235576057179
11,0
12,0.0159347303117952
13,0
14,0.0680973676478956
15,0.0150539842119732
16,0.512445253958348
17,0.0191515742991403
18,0.0513855812730973
19,0.0288911505437031
20,0.0191515742991403
21,0.493314355029402
22,0.694290188788022
23,0.0274620904557264
24,0.00531198074947624
25,0
26,0.0315584657738107
27,0.0364912036903331
28,0.00531198074947624
29,0
30,0
31,0.274214913954627
32,0
33,0.0708470118603835
34,0.30296472971982
35,0
36,0
37,0.00531198074947624
38,0.04053805553094
39,0.0191515742991403
40,0
41,0.00531198074947624
42,0
43,0.0150539842119732
44,0
45,0
46,0.00531198074947624
47,0.0150539842119732
48,0.0462275364150669
49,0.0106235576057179
50,0.437254722578202
51,0.023032877844815
52,0.0338305384297887
53,0.516841858513121
54,0.0212454986104518
55,0.0342007040732769
56,0.0191515742991403
57,0.0212454986104518
58,0.00531198074947624
59,0.0106235576057179
60,0.0159347303117952
61,0.541963135333941
62,0.0191515742991403
63,0.0658706281726272
64,0.00531198074947624
65,0.0382966739516302
66,0.0191515742991403
67,0.0480330066763641
68,0.0106235576057179
69,0.0395098521631197
70,0.0759236513699321
71,0.062388222651092
72,0.0191515742991403
73,0.0244619379327917
74,0.0106235576057179
75,0.0106235576057179
76,0.0159347303117952
77,0.0531464213363136
78,0.0356544356521641
79,0.00531198074947624
80,0.0150539842119732
81,0.0547930441199173
82,0.0106235576057179
83,0.0106235576057179
84,0.0511535094854489
85,0.122756171411426
86,0.0106235576057179
87,0.0212454986104518
88,0.0297718966435251
89,0.0395098521631197
90,0.0426806921813654
91,0.0267532481707385
92,0.00531198074947624
93,0.0106235576057179
94,0.00531198074947624
95,0.0256751161442812
96,0.0468198284648746
97,0.00531198074947624
98,0.4761988162819
99,0.0338305384297887
100,0.636353949161174
101,0.202223919868904
102,0.109637882173523
103,0.0421763562548639
104,0.0297718966435251
105,1.03769792888543
106,0.0191515742991403
107,0.0573955177987584
108,0.0336523900851223
109,0.500706507297703
110,0.0301043287551926
111,0.0336523900851223
112,0.0159347303117952
113,0.0283428365555485
114,0.067544040204904
115,0.0256751161442812
116,0.0608865903895882
117,0.0506986985928148
118,0.0247943700444591
119,0.530646151910569
120,0.0191515742991403
121,0.00531198074947624
122,0.0297718966435251
123,0.0203647525106298
124,0.0106235576057179
125,0.0382966739516302
126,0.0329875258617874
127,0.492787072428778
128,0.0811292774560429
129,0.0865588086625307
130,0.0621940854322674
131,0.043937848454508
132,0.00531198074947624
133,0.0283428365555485
134,0.0247943700444591
135,0.0106235576057179
136,0.241631816916862
137,0.0256751161442812
138,0.0159347303117952
139,0.00531198074947624
140,0.0106235576057179
141,0.0106235576057179
142,0.00531198074947624
143,0.00531198074947624
144,0.00531198074947624
145,0.0106235576057179
146,0.465807560768031
147,0.00531198074947624
148,0.00531198074947624
149,0.0159347303117952
150,0.00531198074947624
151,0.0106235576057179
152,0.00531198074947624
153,0.0106235576057179
154,0.0150539842119732
155,0.0106235576057179
156,0.0203647525106298
157,0.0212454986104518
158,0.00531198074947624
159,0.0458459857468568
160,0.0106235576057179
161,0.00531198074947624
162,0.0159347303117952
163,0.0159347303117952
164,0.0106235576057179
165,0.00531198074947624
166,0.00531198074947624
167,0.0106235576057179
168,0.0106235576057179
169,0.0106235576057179
170,0.0150539842119732
171,0.0150539842119732
172,0.0203647525106298
173,0.0244619379327917
174,0.0244619379327917
175,0.0543667021751759
176,0.0560062223314068
177,0.00531198074947624
178,0.0244619379327917
179,0.0106235576057179
180,0.00531198074947624
181,0.0386291060632977
182,0.0256751161442812
183,0.0297718966435251
184,0.0159347303117952
185,0.00531198074947624
186,0.0746816905583177
187,0.0106235576057179
188,0.00531198074947624
189,0.531446259709855
190,0.587641465235146
191,0.420706322801519
192,0.00531198074947624
193,0.00531198074947624
194,0.0644412278578641
195,0.0159347303117952
196,0.0159347303117952
197,0.0511535094854489
198,0.00531198074947624
199,0.0106235576057179
200,0.00531198074947624
201,0.051054177844142
202,0.04053805553094
203,0.0159347303117952
204,0.0106235576057179
205,0.00531198074947624
206,0.0106235576057179
207,0.0191515742991403
208,0.0244619379327917
209,0.0106235576057179
210,0.0106235576057179
211,0.0417999460815434
212,0.00531198074947624
213,0.0106235576057179
214,0.483377661154743
215,0.0150539842119732
216,0.023032877844815
217,0.5741574693021
218,0.0203647525106298
219,0.0106235576057179
220,0.0283428365555485
221,0.00531198074947624
222,0.0329875258617874
223,0.0150539842119732
224,0.0212454986104518
225,0.0256751161442812
226,0.0150539842119732
227,0.00531198074947624
228,0
229,0
230,0.00531198074947624
231,0
232,0.0203647525106298
233,0.0303452875623213
234,0.0350814501730989
235,0.0138408060004837
236,0.363755556566566
237,0.0138408060004837
238,0.0191515742991403
239,0.0681833606459284
240,0.00531198074947624
241,0.00531198074947624
242,0.0327716439853002
243,0.0106235576057179
244,0.00974281150589584
245,0.0106235576057179
246,0.00531198074947624
247,0.191476124034713
248,0.0150539842119732
249,0.0106235576057179
250,0
251,0.0372243117675991
252,0.00531198074947624
253,0.126499116116159
254,0
255,0.0106235576057179
256,0.0522673560556315
257,0.444783871696337
258,0.00531198074947624
259,0.0364912036903331
260,0.0425326482009446
261,0
262,0.00531198074947624
263,0.0191515742991403
264,0.00531198074947624
265,0.0453907683768979
266,0.0150539842119732
267,0.00531198074947624
268,0.00531198074947624
269,0.0106235576057179
270,0.0373719497901551
271,0.0106235576057179
272,0.00531198074947624
273,0
274,0.00974281150589584
275,0.00531198074947624
276,0.00531198074947624
277,0.0106235576057179
278,0.0292235826553705
279,0.0106235576057179
280,0.0380807920751431
281,0.0150539842119732
282,0.00531198074947624
283,0.506762154529792
284,0.0386291060632977
285,0.0722752618325858
286,0.0244619379327917
287,0.066791219858263
288,0.00531198074947624
289,0.492869619076787
290,0.0785863707978837
291,0.00531198074947624
292,0.0342007040732769
293,0.443985443776424
294,0.0150539842119732
295,0.0150539842119732
296,0.0106235576057179
297,0.0150539842119732
298,0.0106235576057179
299,0.00974281150589584
300,0.00974281150589584
301,0.360712340305861
302,0.0203647525106298
303,0.0106235576057179
304,0.00531198074947624
305,0.116787551791586
306,0.0106235576057179
307,0.0342007040732769
308,0.0177225142111637
309,0.45440289048652
310,0.0356544356521641
311,0.023032877844815
312,0.0247943700444591
313,0.674004427068157
314,0.023032877844815
315,0.0150539842119732
316,0.53596135487161
317,0.0106235576057179
318,0.04481859455433
319,0.0159347303117952
320,0.00974281150589584
321,0.0250357340327475
322,0.0138408060004837
323,0.0627206547627594
324,0.0150539842119732
325,0.0138408060004837
326,0.00974281150589584
327,0.00974281150589584
328,0.023032877844815
329,0.0482074331861895
330,0.0138408060004837
331,0.0458951043033994
332,0.0106235576057179
333,0.0106235576057179
334,0.448129953469255
335,0.039139280820999
336,0.0194840064108077
337,0.0106235576057179
338,0.00531198074947624
339,0.0106235576057179
340,0.00531198074947624
341,0.0150539842119732
342,0.0203647525106298
343,0.112805776951059
344,0.0895213071526702
345,0.0437806555474194
346,0.0247943700444591
347,0.0311820556004902
348,0.0614698893371743
349,0.00531198074947624
350,0.528297439030876
351,0.398096927648433
352,0.0409191999817213
353,0.605168185395
354,0.0267532481707385
355,0.0138408060004837
356,0.0274620904557264
357,0.0957264994812993
358,0.00531198074947624
359,0.0469592103718809
360,0.0256751161442812
361,0.00974281150589584
362,0.00531198074947624
363,0.110271139862145
364,0.0159347303117952
365,0.0444476172543446
366,0.00531198074947624
367,0.00531198074947624
368,0.0244619379327917
369,0.0106235576057179
370,0.0664237431437764
371,0.498928950635294
372,0.460815319555196
373,0.630333796998181
374,0.3802318636523
375,0.697755274298475
376,0.0106235576057179
377,0.53751529966946
378,0.00531198074947624
379,0.00531198074947624
380,0.00974281150589584
381,0.00531198074947624
382,0.0191515742991403
383,0.0138408060004837
384,0.0546991342868434
385,0.00531198074947624
386,0.0106235576057179
387,0.0106235576057179
388,0.0106235576057179
389,0.00974281150589584
390,0
391,0.023032877844815
392,0
393,0.00531198074947624
394,0
395,0.0320628017003123
396,0.0398422842747872
397,0.0288911505437031
398,0.0506986985928148
399,0.0191515742991403
400,0.514739044596209
401,0.0364912036903331
402,0.0244619379327917
403,0.0570229140683502
404,0.0106235576057179
405,0.00531198074947624
406,0.0515400868095653
407,0
408,0.604299883750931
409,0
410,0
411,0.023032877844815
412,0.00531198074947624
413,0
414,0.00531198074947624
415,0
416,0.00531198074947624
417,0.0267532481707385
418,0.0427246702430185
419,0
420,0
421,0.477233468731862
422,0.457531583399362
423,0.427056873542606
424,0.0247943700444591
425,0.619561838416957
426,0.023032877844815
427,0.00531198074947624
428,0.0106235576057179
429,0
430,0.518131935703679
431,0.00531198074947624
432,0.0747619128183144
433,0.678260819493127
434,0.00974281150589584
435,0
436,0
437,0.0191515742991403
438,0
439,0.0159347303117952
440,0
441,0.00531198074947624
442,0
443,0.445066239006591
444,0.0150539842119732
445,0.548671476158479
446,0.0203647525106298
447,0.410916735227312
448,0.0736862956849315
449,0.00531198074947624
450,0
451,0.160986306960792
452,0.0327716439853002
453,0.476821553861294
454,0.0256751161442812
455,0.0768322564725888
456,0.449186538255576
457,0.484834912463972
458,0
459,0.00531198074947624
460,0.0457466541055499
461,0.0191515742991403
462,0.00531198074947624
463,0
464,0.0347736895523421
465,0
466,0
467,0.0929199792932298
468,0.0150539842119732
469,0
470,0.0301043287551926
471,0.421494932977121
472,0
473,0.227778609686084
474,0.133911837595524
475,0
476,0.0338305384297887
477,0.00974281150589584
478,0
479,0.0191515742991403
480,0
481,0.0380807920751431
482,0.0425326482009446
483,0.088138361575784
484,0.0309850748550146
485,0
486,0.00531198074947624
487,0.0458459857468568
488,0
489,0.0191515742991403
490,0.00531198074947624
491,0.00531198074947624
492,0.00531198074947624
493,0.0372243117675991
494,0
495,0.0556298121580863
496,0.0256751161442812
497,0.0106235576057179
498,0.0342007040732769
499,0.66636246087723
500,0.00531198074947624
